,request_type,request_uri,request_body,request_time
0,GET,/petclinic/api/visits/1,"{""lastName"":[]",0
1,POST,/petclinic/api/vets/1,"{""id"":{""fuzz"":false}",0
2,POST,/petclinic/api/specialties/1,"{""id"":1,""name"":""fuzzstring2""",0
3,POST,/petclinic/api/vets,"{""firstName"":[],""id"":0,""lastName"":""fuzzstring"",""specialties"":[{""id"":0,""name"":[]}]",0
4,GET,/petclinic/api/vets,"{""firstName"":""fuzzstring"",""id"":0,""lastName"":""fuzzstring"",""specialties"":0",0
5,POST,/petclinic/api/vets,"{""firstName"":""fuzzstring"",""id"":{""fuzz"":false}",0
6,GET,/petclinic/api/visits,"{""id"":0,""name"":""fuzzstring""",0
7,GET,/petclinic/api/vets/1,"{""firstName"":{""fuzz"":false}",0
8,POST,/petclinic/api/visits,"{""pet"":[],""date"":""fuzzstring"",""description"":""fuzzstring"",""pet"":""fuzzstring""",0
9,POST,/petclinic/api/vets/1,"{""firstName"":{""fuzz"":false},""id"":0,""lastName"":""fuzzstring"",""specialties"":[{""id"":0,""name"":""fuzzstring""}]",0
10,POST,/petclinic/api/visits,"{""date"":""yyyy/MM/dd"",""description"":""fuzzstring2"",""id"":56,""pet"":{""id"":56,""name"":""fuzzstring2""}",0
11,GET,/petclinic/api/specialties/1,"{""fuzz"":true",0
12,POST,/petclinic/api/visits,"{""roles"":0",0
13,POST,/petclinic/api/specialties/1,"{""name"":""fuzzstring""",0
14,POST,/petclinic/api/specialties/1,"{""name"":false",0
15,DELETE,/petclinic/api/vets/1,"{""firstName"":""fuzzstring"",""id"":0,""lastName"":0,""specialties"":[{""id"":0,""name"":""fuzzstring""}]",0
16,POST,/petclinic/api/visits,"{""date"":""yyyy/MM/dd"",""description"":""test3"",""id"":6784,""pet"":{""fuzz"":false}",0
17,GET,/petclinic/api/vets/1,"{""firstName"":""fuzzstring"",""id"":0,""lastName"":[],""specialties"":[{""name"":""fuzzstring""}]",0
18,POST,/petclinic/api/specialties/1,"{""id"":56,""name"":""fuzzstring2""",0
19,DELETE,/petclinic/api/vets/1,"{""id"":0,""name"":{""fuzz"":false}",0
20,POST,/petclinic/api/vets/1,"{""firstName"":""fuzzstring"",""id"":0,""lastName"":{""fuzz"":false},""specialties"":[{""id"":0,""name"":""fuzzstring""}]",0
21,POST,/petclinic/api/users,"{""enabled"":false,""password"":""0"",""roles"":[{""id"":false,""name"":""ROLE_0""}],""username"":""0""",0
22,POST,/petclinic/api/users,"{""roles"":[{""name"":""ROLE_0""}],""username"":{""fuzz"":false}",0
23,POST,/petclinic/api/vets,"{""id"":[],""firstName"":""fuzzstring"",""id"":0,""lastName"":""fuzzstring"",""specialties"":[{""id"":0}]",0
24,DELETE,/petclinic/api/visits/1,"{""specialties"":[0]",0
25,POST,/petclinic/health/1,"{""id"":0,""id"":0,""name"":""fuzzstring""",0
26,POST,/petclinic/api/pets,"{""id"":56,""name"":""Unknown""",0
27,GET,/petclinic/api/vets/1,"{""firstName"":{""fuzz"":false},""id"":0,""lastName"":""fuzzstring""",0
28,POST,/petclinic/api/vets,"{""firstName"":""fuzzstring"",""firstName"":""fuzzstring"",""id"":0,""lastName"":""fuzzstring"",""specialties"":[{""id"":0,""name"":0}]",0
29,GET,/petclinic/api/specialties/1,"{""id"":56,""name"":""fuzzstring""",0
30,GET,/petclinic/api/specialties/1,"{""id"":false,""name"":0",0
31,PUT,/petclinic/api/petid,"{""id"":6784,""name"":""test3""",0
32,PUT,/petclinic/api/vets/1,"{""firstName"":[],""id"":0,""lastName"":""fuzzstring"",""specialties"":[{""id"":0,""name"":{""fuzz"":false}}]",0
33,GET,/petclinic/api/vets/1,"{""firstName"":""fuzzstring"",""id"":0,""lastName"":{""fuzz"":false}",0
34,POST,/petclinic/api/vets/1,"{""firstName"":false,""id"":0,""lastName"":""fuzzstring"",""specialties"":[{""id"":0}]",0
35,POST,/petclinic/api/specialties/1,"{""id"":0,""name"":0",0
36,PUT,/petclinic/api/pets/petid,"{""id"":6784,""name"":""Unknown""",0
37,POST,/petclinic/api/vets/1,"{""id"":[]",0
38,POST,/petclinic/api/vets/1,"{""id"":{""fuzz"":false},""name"":""fuzzstring""",0
39,POST,/petclinic/api/vets,"{""firstName"":""fuzzstring"",""firstName"":""fuzzstring"",""id"":0,""lastName"":0,""specialties"":[{""id"":0,""name"":""fuzzstring""}]",0
40,POST,/petclinic/api/visits,"{""id"":0,""name"":0",0
41,GET,/petclinic/api/vets,"{""firstName"":""fuzzstring"",""id"":0,""lastName"":""fuzzstring"",""specialties"":[""fuzzstring""]",0
42,POST,/petclinic/api/vets,"{""firstName"":""fuzzstring"",""firstName"":""fuzzstring"",""id"":0,""lastName"":""fuzzstring"",""specialties"":[{""id"":0,""name"":[]}]",0
43,POST,/petclinic/api/vets,"{""enabled"":false,""password"":""fuzzstring"",""username"":""fuzzstring""",0
44,POST,/petclinic/api/visits,"{""id"":""fuzzstring"",""name"":false",0
45,POST,/petclinic/api/vets,"{""id"":0,""firstName"":""fuzzstring"",""id"":0,""lastName"":{""fuzz"":false}",0
46,PUT,/petclinic/api/pets/petid,"{""id"":56,""name"":""test3""",0
47,PUT,/petclinic/api/vets/1,"{""firstName"":""fuzzstring"",""id"":0,""lastName"":0,""specialties"":[{""id"":0,""name"":0}]",0
48,POST,/petclinic/api/vets,"{""firstName"":""fuzzstring"",""id"":0,""lastName"":false,""specialties"":[{""id"":0,""name"":[]}]",0
49,GET,/petclinic/api/vets,"{""firstName"":""fuzzstring"",""id"":0,""lastName"":""fuzzstring"",""specialties"":[{""fuzz"":false}}]",0
50,POST,/petclinic/api/vets/1,"{""firstName"":""fuzzstring"",""id"":""fuzzstring"",""lastName"":""fuzzstring"",""specialties"":{""fuzz"":false}",0
51,POST,/petclinic/health/1,"{""id"":[],""name"":""fuzzstring"",""name"":""fuzzstring""",0
52,POST,/petclinic/api/vets,"{""enabled"":""fuzzstring"",""password"":""false"",""roles"":[{""id"":0,""name"":""ROLE_0""}],""username"":""0""",0
53,GET,/petclinic/api/vets,"{""firstName"":""fuzzstring"",""id"":0,""lastName"":{""fuzz"":false}",0
54,POST,/petclinic/api/visits,"{""id"":0,""name"":false",0
55,GET,/petclinic/api/specialties/1,"{""id"":0,""name"":[{""id"":0,""name"":""fuzzstring""}]",0
56,POST,/petclinic/api/vets/1,"{""firstName"":""fuzzstring"",""id"":0,""lastName"":{""fuzz"":false},""specialties"":[{""name"":""fuzzstring""}]",0
57,POST,/petclinic/api/vets/1,"{""firstName"":""fuzzstring"",""id"":0,""lastName"":false,""specialties"":[{""id"":0,""name"":[]}]",0
58,POST,/petclinic/api/vets/1,"{""firstName"":""fuzzstring"",""id"":""fuzzstring"",""lastName"":""fuzzstring"",""specialties"":[{""id"":0,""name"":""fuzzstring""}]",0
59,GET,/petclinic/api/specialties/1,"{""id"":6784,""name"":""test3""",0
60,DELETE,/petclinic/api/visits/1,"{""firstName"":""fuzzstring"",""id"":0,""lastName"":{""fuzz"":false}",0
61,POST,/petclinic/api/visits,"{""id"":0,""name"":""Unknown""",0
62,POST,/petclinic/api/visits,"{""id"":""fuzzstring"",""name"":[]",0
63,POST,/petclinic/api/vets,"{""firstName"":0,""id"":0,""lastName"":[],""specialties"":[{""id"":0}]",0
64,DELETE,/petclinic/api/vets/1,"{""firstName"":""fuzzstring"",""id"":0,""lastName"":0,""specialties"":[{""id"":0}]",0
65,PUT,/petclinic/api/vets/1,"{""firstName"":""fuzzstring"",""id"":0,""lastName"":[],""lastName"":""fuzzstring""",0
66,POST,/petclinic/api/specialties/1,"{""id"":6784,""name"":""fuzzstring""",0
67,GET,/petclinic/api/visits/1,"{""specialties"":[{""fuzz"":false}",0
68,PUT,/petclinic/api/vets/1,"{""specialties"":[{""id"":0,""name"":""fuzzstring""}],""username"":""fuzzstring""",0
69,POST,/petclinic/api/vets/1,"{""firstName"":""fuzzstring"",""id"":0,""lastName"":""fuzzstring"",""specialties"":{""fuzz"":false},""name"":""fuzzstring""}]",0
70,PUT,/petclinic/api/petid,"{""id"":6784,""name"":""Unknown""",0
71,GET,/petclinic/api/vets/1,"{""lastName"":false",0
72,GET,/petclinic/api/specialties/1,"{""id"":""fuzzstring"",""name"":""fuzzstring""",0
73,POST,/petclinic/api/visits,"{""id"":6784,""name"":""test3""",0
74,POST,/petclinic/api/vets,"{""firstName"":""fuzzstring"",""id"":0,""lastName"":[],""specialties"":[{""name"":{""fuzz"":false}}]",0
75,POST,/petclinic/api/vets,"{""enabled"":0,""password"":""test3""",0
76,GET,/petclinic/api/specialties/1,"{""firstName"":""fuzzstring"",""id"":1,""lastName"":""fuzzstring"",""specialties"":[{""id"":1,""name"":""fuzzstring""}],""specialties"":[{""id"":0,""name"":""fuzzstring""}]",0
77,POST,/petclinic/api/vets,"{""firstName"":{""fuzz"":false},""id"":0,""lastName"":""fuzzstring"",""specialties"":[{""name"":{""fuzz"":false}}]",0
78,POST,/petclinic/api/vets,"{""enabled"":false,""password"":""false"",""roles"":[{""id"":0,""name"":""ROLE_0""}],""username"":""false""",0
79,PUT,/petclinic/api/vets/1,"{""firstName"":[],""id"":0,""lastName"":{""fuzz"":false},""specialties"":[{""name"":""fuzzstring""}]",0
80,POST,/petclinic/api/vets/1,"{""firstName"":""fuzzstring"",""id"":0,""lastName"":{""fuzz"":false},""specialties"":[{""name"":{""fuzz"":false}}]",0
81,POST,/petclinic/api/vets/1,"{""firstName"":""fuzzstring"",""id"":0,""lastName"":""fuzzstring"",""specialties"":[{""id"":0,""name"":{""fuzz"":false}}]",0
82,GET,/petclinic/api/vets,"{""firstName"":""fuzzstring"",""id"":0,""lastName"":[],""specialties"":[{""id"":0}]",0
83,GET,/petclinic/api/specialties/1,"{""id"":6784,""name"":""Unknown""",0
84,POST,/petclinic/api/visits,"{""date"":""yyyy/MM/dd"",""description"":""test3"",""id"":0,""pet"":{""fuzz"":true}",0
85,GET,/petclinic/api/vets,"{""firstName"":[],""id"":0,""lastName"":0,""specialties"":[{""id"":[0]}]",0
86,POST,/petclinic/api/vets/1,"{""firstName"":""fuzzstring"",""id"":0,""lastName"":""fuzzstring"",""specialties"":[{""id"":0,""name"":0}]",0
87,PUT,/petclinic/api/vets/1,"{""firstName"":""fuzzstring"",""id"":0,""lastName"":[],""end"":""fuzzstring"",""specialties"":[{""id"":0,""name"":""fuzzstring""}]",0
88,GET,/petclinic/api/specialties/1,"{""firstName"":""fuzzstring"",""id"":0,""lastName"":0,""specialties"":[{""id"":0}]",0
89,GET,/petclinic/api/vets/1,"{""firstName"":""fuzzstring"",""id"":[],""lastName"":""fuzzstring"",""specialties"":[{""id"":0,""name"":0}]",0
90,POST,/petclinic/api/specialties/1,"{""id"":0,""name"":""fuzzstring""",0
91,GET,/petclinic/api/vets,"{""specialties"":0",0
92,POST,/petclinic/api/users,"{""enabled"":false,""password"":0,""roles"":[{""id"":0,""name"":""ROLE_0""}],""username"":0",0
93,POST,/petclinic/api/vets/1,"{""id"":[],""name"":""fuzzstring""",0
94,POST,/petclinic/health/1,"{""name"":false",0
95,POST,/petclinic/api/vets/1,"{""id"":0,""name"":""fuzzstring""",0
96,POST,/petclinic/api/vets/1,"{""fuzz"":false",0
97,PUT,/petclinic/api/vets/1,"{""id"":[],""firstName"":""fuzzstring"",""id"":0,""lastName"":[],""specialties"":[{""id"":0}]",0
98,POST,/petclinic/api/vets/1,"{""firstName"":""fuzzstring"",""id"":{""fuzz"":false},""lastName"":""fuzzstring"",""specialties"":[{""id"":0}]",0
99,POST,/petclinic/api/visits,"{""id"":false,""name"":[]",0
100,POST,/petclinic/api/vets/1,"{""firstName"":""fuzzstring"",""id"":0,""lastName"":{""fuzz"":false},""specialties"":[{""id"":0}]",0
101,PUT,/petclinic/api/vets/1,"{""firstName"":""fuzzstring"",""id"":0,""lastName"":{""fuzz"":false},""specialties"":[{""name"":{""fuzz"":false}}]",0
102,POST,/petclinic/api/vets,"{""enabled"":false,""password"":0,""roles"":[{""id"":0,""name"":0}],""username"":""0""",0
103,PUT,/petclinic/api/vets/1,"{""specialties"":[{""id"":0,""name"":""fuzzstring""}],""username"":0",0
104,POST,/petclinic/api/vets/1,"{""lastName"":{""fuzz"":false}",0
105,POST,/petclinic/api/visits,"{""id"":0,""name"":""fuzzstring""",0
106,POST,/petclinic/api/visits,"{""id"":1,""name"":""fuzzstring2""",0
107,POST,/petclinic/api/vets,"{""enabled"":0,""password"":""fuzzstring2"",""username"":""fuzzstring""",0
108,DELETE,/petclinic/api/vets/1,"{""specialties"":[{""id"":0,""name"":""fuzzstring""}]",0
109,GET,/petclinic/api/specialties/1,"{""id"":1,""name"":""fuzzstring2""",0
110,POST,/petclinic/api/users,"{""enabled"":false,""password"":""fuzzstring"",""roles"":[{""id"":0,""name"":""ROLE_0""}],""username"":false",0
111,GET,/petclinic/api/vets/1,"{""firstName"":""fuzzstring"",""id"":0,""lastName"":[],""specialties"":[{""id"":0,""name"":""fuzzstring""}]",0
112,POST,/petclinic/api/users,"{""enabled"":false,""password"":[],""roles"":[{""name"":""ROLE_0""}],""username"":""fuzzstring""",0
113,POST,/petclinic/api/vets/1,"{""firstName"":0,""id"":0,""lastName"":[],""specialties"":[{""id"":0,""name"":""fuzzstring""}]",0
114,POST,/petclinic/api/vets,"{""date"":""yyyy/MM/dd"",""timestamp"":""yyyy/MM/dd"",""pets"":[{""fuzz"":true}]",0
115,POST,/petclinic/api/visits,"{""id"":0,""name"":]",0
116,POST,/petclinic/api/vets/1,"{""firstName"":""fuzzstring"",""id"":{""fuzz"":false},""lastName"":{""fuzz"":false},""specialties"":[{""id"":0}]",0
117,POST,/petclinic/api/specialties/1,"{""id"":6784,""name"":""test3""",0
118,POST,/petclinic/api/specialties/1,"{""id"":56,""name"":""Unknown""",0
119,GET,/petclinic/api/vets,"{""firstName"":""fuzzstring"",""id"":0,""lastName"":0,""specialties"":[{""id"":0}]",0
120,POST,/petclinic/api/users,"{""enabled"":false,""password"":[],""roles"":[{""id"":0,""name"":""ROLE_0""}],""username"":0",0
121,DELETE,/petclinic/api/vets/1,"{""firstName"":""fuzzstring"",""id"":0,""lastName"":0,""specialties"":[{""id"":""fuzzstring"",""name"":""fuzzstring""}]",0
122,POST,/petclinic/api/visits,"{""id"":[],""name"":""fuzzstring""",0
123,PUT,/petclinic/api/vets/1,"{""firstName"":[],""id"":0,""lastName"":""fuzzstring"",""specialties"":[{""name"":0}]",0
124,POST,/petclinic/api/visits,"{""date"":""yyyy/MM/dd"",""description"":""test3"",""id"":1,""pet"":{""id"":1,""name"":""test3""}",0
125,GET,/petclinic/api/visits/1,"{""id"":false",0
126,POST,/petclinic/api/visits,"{""date"":""yyyy/MM/dd"",""description"":""fuzzstring"",""id"":1,""pet"":""name"":""fuzzstring2"",""pet"":""id"":1,""pet"":""name"":""test3"",""pet"":""id"":56,""pet"":""id"":1,""pet"":""name"":""Unknown""",0
127,POST,/petclinic/api/visits,"{""roles"":[{""id"":0}],""username"":[]",0
128,DELETE,/petclinic/api/vets,"{""firstName"":""fuzzstring"",""id"":0,""lastName"":0,""specialties"":[{""id"":0,""name"":""fuzzstring""}]",0
129,POST,/petclinic/api/users,"{""roles"":[{""name"":""ROLE_0""}],""username"":""fuzzstring""",0
130,POST,/petclinic/api/visits,"{""roles"":[{""id"":{""fuzz"":false}}],""username"":""ROLE_0""",0
131,POST,/petclinic/api/vets,"{""date"":""fuzzstring"",""date"":""yyyy/MM/dd"",""petid"":0,""name"":""fuzzstring""",0
132,POST,/petclinic/api/vets,"{""id"":0,""firstName"":{""fuzz"":false}",0
133,DELETE,/petclinic/api/visits/1,"{""firstName"":""fuzzstring"",""id"":0,""lastName"":""fuzzstring"",""specialties"":[{""id"":0}]",0
134,POST,/petclinic/api/vets,"{""firstName"":""fuzzstring"",""id"":0,""lastName"":[],""specialties"":[{""id"":0,""name"":{""fuzz"":false}}]",0
135,PUT,/petclinic/api/vets/1,"{""firstName"":""fuzzstring"",""id"":6784,""lastName"":{""fuzz"":false},""specialties"":[{""id"":6784,""name"":""fuzzstring""}]",0
136,GET,/petclinic/api/vets/1,"{""specialties"":0",0
137,POST,/petclinic/api/pets,"{""id"":0,""name"":""Unknown""",0
138,GET,/petclinic/api/visits/1,"{""specialties"":[""fuzzstring""]",0
139,GET,/petclinic/api/vets,"{""specialties"":[0]",0
140,POST,/petclinic/api/visits,"{""pet"":0,""date"":{""fuzz"":false}",0
141,GET,/petclinic/api/vets/1,"{""firstName"":false,""id"":0,""lastName"":""fuzzstring"",""specialties"":[{""id"":0,""name"":0}]",0
142,POST,/petclinic/api/visits,"{""enabled"":false,""password"":{""fuzz"":false}}],""username"":""fuzzstring""",0
143,POST,/petclinic/api/vets/1,"{""firstName"":""fuzzstring"",""id"":0,""lastName"":""fuzzstring"",""specialties"":[{""id"":0}]",0
144,PUT,/petclinic/api/vets/1,"{""firstName"":false,""id"":0,""lastName"":[],""end"":""fuzzstring"",""specialties"":[{""id"":0,""name"":""fuzzstring""}]",0
145,GET,/petclinic/api/specialties/1,"{""id"":{""fuzz"":false}",0
146,POST,/petclinic/api/vets/1,"{""name"":{""fuzz"":false}",0
147,PUT,/petclinic/api/vets/1,"{""firstName"":""fuzzstring"",""id"":0,""lastName"":""fuzzstring"",""specialties"":[{""fuzz"":false}}]",0
148,POST,/petclinic/api/vets/1,"{""specialties"":{""fuzz"":false}",0
149,POST,/petclinic/api/vets,"{""id"":0,""firstName"":""fuzzstring"",""id"":0,""lastName"":[],""specialties"":[{""id"":0}]",0
150,POST,/petclinic/api/vets,"{""firstName"":0,""id"":0,""lastName"":""fuzzstring"",""specialties"":[{""id"":0,""name"":{""fuzz"":false}}]",0
151,PUT,/petclinic/api/vets/1,"{""firstName"":""fuzzstring"",""id"":0,""lastName"":[],""specialties"":[{""id"":0,""name"":{""fuzz"":false}}]",0
152,POST,/petclinic/api/vets/1,"{""lastName"":[]",0
153,POST,/petclinic/api/specialties/1,"{""id"":false,""name"":0",0
154,POST,/petclinic/api/vets,"{""firstName"":""fuzzstring"",""firstName"":""fuzzstring"",""id"":0,""lastName"":false,""specialties"":[{""id"":0,""name"":0}]",0
155,POST,/petclinic/api/vets/1,"{""specialties"":[""fuzzstring""]",0
156,DELETE,/petclinic/api/visits/1,"{""lastName"":{""fuzz"":false}",0
157,GET,/petclinic/api/visits/1,"{""lastName"":false",0
158,POST,/petclinic/api/vets/1,"{""firstName"":""fuzzstring"",""id"":0,""lastName"":""fuzzstring"",""specialties"":[{""id"":0,""name"":""fuzzstring""}]",0
159,POST,/petclinic/api/vets/1,"{""specialties"":[{""id"":{""fuzz"":false}}]",0
160,POST,/petclinic/api/vets/1,"{""firstName"":[],""id"":0,""lastName"":""fuzzstring"",""specialties"":[{""id"":0,""name"":""fuzzstring""}]",0
161,PUT,/petclinic/api/pets/petid,"{""id"":0,""name"":""Unknown""",0
162,GET,/petclinic/api/vets/1,"{""firstName"":""fuzzstring"",""id"":{""fuzz"":false},""lastName"":""fuzzstring"",""specialties"":[{""id"":0}]",0
163,POST,/petclinic/health/1,"{""id"":1,""name"":""test3""",0
164,GET,/petclinic/api/vets,"{""firstName"":""fuzzstring"",""id"":0,""lastName"":""fuzzstring"",""specialties"":""fuzzstring""",0
165,PUT,/petclinic/api/vets/1,"{""firstName"":""fuzzstring"",""id"":{""fuzz"":false},""lastName"":""fuzzstring"",""specialties"":[{""id"":0,""name"":{""fuzz"":false}}]",0
166,POST,/petclinic/api/vets/1,"{""firstName"":""fuzzstring"",""id"":0,""lastName"":""fuzzstring"",""specialties"":[{""id"":false}]",0
167,GET,/petclinic/api/visits/1,"{""firstName"":0",0
168,POST,/petclinic/api/vets/1,"{""firstName"":""fuzzstring"",""id"":0,""lastName"":0,""specialties"":[{""id"":0,""name"":0}]",0
169,GET,/petclinic/api/specialties/1,"{""name"":[]",0
170,POST,/petclinic/api/users,"{""enabled"":false,""password"":""0"",""roles"":[{""id"":0,""name"":""ROLE_0""}],""username"":0",0
171,POST,/petclinic/api/vets,"{""firstName"":[],""id"":0,""lastName"":""fuzzstring"",""specialties"":[{""id"":0,""name"":{""fuzz"":false}}]",0
172,PUT,/petclinic/api/vets/1,"{""specialties"":{""fuzz"":false}]",0
173,PUT,/petclinic/api/petid,"{""id"":6784,""name"":""fuzzstring""",0
174,POST,/petclinic/api/vets,"{""enabled"":true,""password"":""fuzzstring2"",""username"":""test3""",0
175,GET,/petclinic/api/specialties/1,"{""id"":[],""name"":""fuzzstring""",0
176,GET,/petclinic/api/vets/1,"{""firstName"":""fuzzstring"",""id"":0,""lastName"":0,""specialties"":[{""id"":0,""name"":0}]",0
177,PUT,/petclinic/api/vets/1,"{""firstName"":""fuzzstring"",""id"":0,""lastName"":""fuzzstring"",""specialties"":{""fuzz"":false},""fuzzstring"":0",0
178,DELETE,/petclinic/api/visits/1,"{""firstName"":{""fuzz"":false},""id"":0,""lastName"":""fuzzstring"",""specialties"":[{""id"":0}]",0
179,DELETE,/petclinic/api/vets/1,"{""specialties"":[{""id"":0}]",0
180,POST,/petclinic/api/visits,"{""roles"":[{""fuzz"":false}}],""username"":""ROLE_0""",0
181,GET,/petclinic/api/specialties/1,"{""id"":""fuzzstring""",0
182,POST,/petclinic/health/1,"{""fuzz"":false",0
183,GET,/petclinic/api/specialties/1,"{""id"":false,""name"":""fuzzstring""",0
184,POST,/petclinic/api/specialties/1,"{""id"":0,""name"":[]",0
185,GET,/petclinic/api/visits/1,"{""firstName"":""fuzzstring"",""id"":0,""lastName"":0,""specialties"":""fuzzstring""",0
186,PUT,/petclinic/api/vets/1,"{""firstName"":""fuzzstring"",""id"":{""fuzz"":false},""lastName"":""fuzzstring""",0
187,POST,/petclinic/api/vets,"{""enabled"":false,""password"":0,""roles"":[{""id"":0,""name"":""ROLE_0""}],""username"":false",0
188,PUT,/petclinic/api/vets/1,"{""firstName"":""fuzzstring"",""id"":false,""lastName"":""fuzzstring"",""specialties"":[{""id"":0,""name"":{""fuzz"":false}}]",0
189,DELETE,/petclinic/api/visits/1,"{""firstName"":""fuzzstring"",""id"":0,""lastName"":{""fuzz"":false},""specialties"":[{""id"":0}]",0
190,POST,/petclinic/api/vets/1,"{""id"":0,""name"":{""fuzz"":false}",0
191,GET,/petclinic/api/vets,"{""firstName"":""fuzzstring"",""id"":0,""lastName"":""fuzzstring"",""specialties"":[[]]",0
192,GET,/petclinic/api/users,"{""enabled"":false,""password"":""fuzzstring"",""roles"":[{""id"":0,""name"":""ROLE_0""}],""username"":""fuzzstring""",0
193,POST,/petclinic/api/pets,"{""id"":0,""name"":""test3""",0
194,DELETE,/petclinic/api/visits,"{""id"":0,""name"":""fuzzstring""",0
195,PUT,/petclinic/api/vets/1,"{""firstName"":""fuzzstring"",""id"":0,""lastName"":0,"","","","",,,,,,,,,,,,,,,,,,,,,,,,,,,,,,,,,,,,,,,,,,,,,,,,,,,,,,,,,,{{""fuzz"":true}}",0
196,POST,/petclinic/api/visits,"{""id"":0,""name"":[]",0
197,DELETE,/petclinic/api/visits/1,"{""firstName"":""fuzzstring"",""id"":0,""lastName"":""fuzzstring"",""specialties"":[{""id"":0,""name"":""fuzzstring""}]",0
198,POST,/petclinic/api/vets/1,"{""firstName"":false,""id"":0,""lastName"":""fuzzstring"",""specialties"":[{""id"":0,""name"":""fuzzstring""}]",0
199,GET,/petclinic/api/visits/1,"{""lastName"":0",0
200,DELETE,/petclinic/api/visits/1,"{""specialties"":[{""name"":""fuzzstring""}]",0
201,GET,/petclinic/api/vets/1,"{""specialties"":[{""id"":0,""name"":{""fuzz"":false}}]",0
202,POST,/petclinic/api/specialties/1,"{""id"":56,""name"":""fuzzstring""",0
203,POST,/petclinic/api/specialties/1,"{""id"":1,""name"":""fuzzstring""",0
204,POST,/petclinic/api/vets,"{""specialties"":[{""fuzz"":false}}]",0
205,POST,/petclinic/api/users,"{""roles"":[{""name"":{""fuzz"":false}}],""username"":""fuzzstring""",0
206,PUT,/petclinic/api/vets/1,"{""firstName"":{""fuzz"":false},""id"":6784,""lastName"":""fuzzstring"",""specialties"":[{""id"":6784,""name"":{""fuzz"":false}}]",0
207,GET,/petclinic/api/specialties/1,"{""id"":0,""name"":""test3""",0
208,PUT,/petclinic/api/vets/1,"{""firstName"":""fuzzstring"",""id"":0,""lastName"":""fuzzstring""",0
209,PUT,/petclinic/api/vets/1,"{""firstName"":""fuzzstring"",""id"":0,""lastName"":{""fuzz"":false}",0
210,POST,/petclinic/api/vets/1,"{""firstName"":""fuzzstring"",""id"":0,""lastName"":""fuzzstring"",""specialties"":[{""id"":{""fuzz"":false},""name"":""fuzzstring""}]",0
211,GET,/petclinic/api/vets/1,"{""firstName"":[],""id"":0,""lastName"":""fuzzstring"",""specialties"":[{""id"":0,""name"":0}]",0
212,POST,/petclinic/api/vets/1,"{""specialties"":[{""fuzz"":false}",0
213,POST,/petclinic/api/specialties/1,"{""id"":[],""name"":0",0
214,POST,/petclinic/api/vets,"{""firstName"":""fuzzstring"",""id"":0,""lastName"":{""fuzz"":false},""specialties"":[{""name"":{""fuzz"":false}}]",0
215,POST,/petclinic/api/vets,"{""firstName"":false,""firstName"":""fuzzstring"",""id"":0,""lastName"":""fuzzstring"",""specialties"":[{""id"":0,""name"":""fuzzstring""}]",0
216,PUT,/petclinic/api/vets/1,"{""firstName"":{""fuzz"":false},""id"":0,""lastName"":""fuzzstring"",""specialties"":[{""id"":0,""name"":{""fuzz"":false}}]",0
217,GET,/petclinic/api/specialties/1,"{""id"":56,""name"":""test3""",0
218,GET,/petclinic/api/visits/1,"{""id"":{""fuzz"":false}",0
219,POST,/petclinic/api/specialties/1,"{""id"":""fuzzstring"",""name"":0",0
220,POST,/petclinic/api/vets,"{""firstName"":false,""id"":0,""lastName"":0,""specialties"":[{""id"":0,""name"":""fuzzstring""}]",0
221,POST,/petclinic/api/vets/1,"{""specialties"":[{""fuzz"":false}]",0
222,POST,/petclinic/api/specialties/1,"{""id"":1,""name"":""test3""",0
223,POST,/petclinic/api/visits,"{""vis"":{""fuzz"":false}",0
224,POST,/petclinic/api/vets/1,"{""firstName"":""fuzzstring"",""id"":0,""lastName"":[],""specialties"":[{""id"":0,""name"":{""fuzz"":false}}]",0
225,POST,/petclinic/api/vets,"{""date"":""yyyy/MM/dd"",""timestamp"":[],""petid"":""fuzzstring"",""id"":0,""name"":""fuzzstring""",0
226,POST,/petclinic/api/vets/1,"{""firstName"":""fuzzstring"",""id"":0,""lastName"":""fuzzstring"",""specialties"":[{""id"":""fuzzstring"",""name"":""fuzzstring""}]",0
227,POST,/petclinic/health/1,"{""id"":0,""name"":""fuzzstring""",0
228,PUT,/petclinic/api/vets/1,"{""firstName"":""fuzzstring"",""id"":{""fuzz"":false}",0
229,GET,/petclinic/api/specialties/1,"{""id"":false,""name"":[]",0
230,POST,/petclinic/api/specialties/1,"{""name"":0",0
231,PUT,/petclinic/api/pets/petid,"{""id"":56,""name"":""fuzzstring""",0
232,PUT,/petclinic/api/vets/1,"{""firstName"":""fuzzstring"",""id"":0,""lastName"":0,"","","","","","","","","","","","","","","","","","","","","","","","","","","","","","","","","","","","","","","","","","","","","","","","","","","","","","","","","","","","","","","","","","","","","","","","","","","","","","","","","","","","","","","","","","","","","","","","","","","","","","","","","","","","","","","","","","","","","","","","","","","","","","","","","","","","","","","","","","","","","","","","","","","",{}",0
233,PUT,/petclinic/api/vets/1,"{""firstName"":""fuzzstring"",""id"":0,""lastName"":[],""specialties"":[{""id"":0,""name"":false}]",0
234,POST,/petclinic/api/vets,"{""enabled"":1,""password"":""Unknown""",0
235,POST,/petclinic/api/users,"{""enabled"":{""fuzz"":false},""password"":""fuzzstring"",""roles"":[{""name"":0}],""username"":""fuzzstring""",0
236,GET,/petclinic/api/visits/1,"{""firstName"":""fuzzstring"",""id"":0,""lastName"":""fuzzstring"",""specialties"":0",0
237,GET,/petclinic/api/vets,"{""firstName"":0,""id"":0,""lastName"":""fuzzstring"",""specialties"":0",0
238,POST,/petclinic/health/1,"{""id"":0,""name"":0",0
239,POST,/petclinic/api/vets/1,"{""id"":""fuzzstring"",""name"":""fuzzstring""",0
240,GET,/petclinic/api/visits/1,"{""firstName"":""fuzzstring"",""id"":0,""lastName"":0,""specialties"":[{""fuzz"":false}],""name"":""fuzzstring""",0
241,POST,/petclinic/api/users,"{""enabled"":false,""password"":""false"",""roles"":[{""id"":0,""name"":""ROLE_0""}],""username"":""false""",0
242,POST,/petclinic/api/specialties/1,"{""id"":[],""name"":""fuzzstring""",0
243,POST,/petclinic/api/specialties/1,"{""id"":1,""name"":""fuzzstring""",0
244,POST,/petclinic/api/visits,"{""id"":[],""date"":""fuzzstring"",""description"":[],""id"":0,""pet"":""fuzzstring""",0
245,GET,/petclinic/api/vets,"{""lastName"":[]",0
246,POST,/petclinic/api/vets/1,"{""id"":false,""name"":""fuzzstring""",0
247,POST,/petclinic/api/vets/1,"{""firstName"":""fuzzstring"",""id"":0,""lastName"":""fuzzstring"",""specialties"":0,""lastName"":[],""specialties"":[{""id"":0}]",0
248,GET,/petclinic/api/specialties/1,"{""firstName"":""fuzzstring"",""id"":0,""lastName"":""fuzzstring"",""specialties"":[{""id"":0}]",0
249,GET,/petclinic/api/vets/1,"{""firstName"":[],""id"":0,""lastName"":""fuzzstring""",0
250,DELETE,/petclinic/api/vets,"{""firstName"":""fuzzstring"",""id"":1,""lastName"":""fuzzstring"",""specialties"":[{""id"":1,""name"":""fuzzstring""}]",0
251,GET,/petclinic/api/vets,"{""specialties"":""fuzzstring""",0
252,POST,/petclinic/api/vets/1,"{""firstName"":""fuzzstring"",""id"":{""fuzz"":false},""lastName"":""fuzzstring"",""specialties"":[{""name"":{""fuzz"":false}}]",0
253,POST,/petclinic/api/vets,"{""enabled"":false,""password"":false,""roles"":[{""id"":0,""name"":""ROLE_0""}],""username"":0",0
254,POST,/petclinic/api/vets,"{""firstName"":0,""id"":0,""lastName"":0,""specialties"":[{""id"":0,""name"":""fuzzstring""}]",0
255,POST,/petclinic/api/specialties/1,"{""id"":0,""name"":""fuzzstring""",0
256,PUT,/petclinic/api/vets/1,"{""id"":0,""firstName"":""fuzzstring"",""id"":0,""lastName"":{""fuzz"":false},""specialties"":[{""name"":{""fuzz"":false}}]",0
257,POST,/petclinic/api/vets/1,"{""id"":false",0
258,POST,/petclinic/api/vets,"{""firstName"":0,""id"":0,""lastName"":""fuzzstring"",""specialties"":[{""id"":0,""name"":0}]",0
259,POST,/petclinic/api/vets,"{""firstName"":[],""id"":0,""lastName"":""fuzzstring"",""specialties"":[{""id"":0,""name"":0}]",0
260,POST,/petclinic/api/visits,"{""id"":6784,""name"":""Unknown""",0
261,POST,/petclinic/api/vets,"{""firstName"":[],""firstName"":""fuzzstring"",""id"":0,""lastName"":[],""specialties"":[{""id"":0,""name"":""fuzzstring""}]",0
262,PUT,/petclinic/api/vets/1,"{""firstName"":""fuzzstring"",""id"":{""fuzz"":false},""lastName"":""fuzzstring"",""specialties"":[{""name"":{""fuzz"":false}}]",0
263,PUT,/petclinic/api/vets/1,"{""firstName"":""fuzzstring"",""id"":0,""lastName"":false,""specialties"":[{""id"":0,""name"":0}]",0
264,POST,/petclinic/api/vets/1,"{""firstName"":""fuzzstring"",""id"":0,""lastName"":[],""specialties"":[{""id"":0,""name"":0}]",0
265,POST,/petclinic/api/vets/1,"{""firstName"":""fuzzstring"",""id"":0,""lastName"":0,""specialties"":[{""id"":0,""name"":false}]",0
266,POST,/petclinic/api/vets/1,"{""firstName"":false,""id"":0,""lastName"":""fuzzstring"",""specialties"":[{""id"":0,""name"":0}]",0
267,DELETE,/petclinic/api/visits/1,"{""firstName"":""fuzzstring"",""id"":0,""lastName"":""fuzzstring"",""specialties"":[{""id"":{""fuzz"":false}}]",0
268,GET,/petclinic/api/visits/1,"{""specialties"":[[]]",0
269,POST,/petclinic/api/specialties/1,"{""id"":false",0
270,POST,/petclinic/api/vets/1,"{""firstName"":""fuzzstring"",""id"":0,""lastName"":[],""specialties"":[{""id"":0,""name"":""fuzzstring""}]",0
271,PUT,/petclinic/api/vets/1,"{""id"":0,""lastName"":""fuzzstring"",""specialties"":[{""id"":0,""name"":{""fuzz"":false}}]",0
272,PUT,/petclinic/api/vets/1,"{""firstName"":[],""id"":0,""lastName"":""fuzzstring"",""specialties"":""fuzzstring""",0
273,GET,/petclinic/api/visits/1,"{""firstName"":""fuzzstring"",""id"":0,""lastName"":false,""specialties"":[{""fuzz"":false}}],""name"":""fuzzstring""",0
274,GET,/petclinic/api/vets/1,"{""firstName"":""fuzzstring"",""id"":0,""lastName"":""fuzzstring"",""specialties"":[{""id"":0,""name"":0}]",0
275,POST,/petclinic/api/vets,,0
276,POST,/petclinic/api/specialties/1,"{""id"":0,""name"":false",0
277,POST,/petclinic/api/vets,"{""firstName"":""fuzzstring"",""id"":0,""lastName"":{""fuzz"":false},""specialties"":[{""name"":""test3""}]",0
278,POST,/petclinic/api/visits,"{""id"":0,""name"":""fuzzstring""",0
279,POST,/petclinic/api/visits,"{""id"":56,""name"":""fuzzstring""",0
280,POST,/petclinic/api/vets,"{""firstName"":{""fuzz"":false},""id"":0,""lastName"":{""fuzz"":false},""specialties"":[{""id"":0,""name"":""fuzzstring""}]",0
281,POST,/petclinic/api/vets/1,"{""firstName"":{""fuzz"":false},""id"":0,""lastName"":""fuzzstring"",""specialties"":[{""id"":0}]",0
282,POST,/petclinic/api/specialties/1,"{""id"":56,""name"":""test3""",0
283,POST,/petclinic/api/visits,"{""date"":[]}{""date"":0,""date"":0,""date"":false,""date"":""fuzzstring"",""date"":""fuzzstring2""",0
284,POST,/petclinic/api/visits,"{""date"":0,""date"":[],""description"":""fuzzstring"",""pet"":""fuzzstring""",0
285,POST,/petclinic/api/visits,"{""id"":1,""name"":""test3""",0
286,PUT,/petclinic/api/pets/petid,"{""id"":1,""name"":""Unknown""",0
287,GET,/petclinic/health/1,"{""id"":0,""name"":""fuzzstring""",0
288,PUT,/petclinic/api/vets/1,"{""firstName"":false,""id"":0,""lastName"":[],""specialties"":[{""id"":0}]",0
289,POST,/petclinic/api/vets,"{""firstName"":""fuzzstring"",""id"":0,""lastName"":{""fuzz"":false}",0
290,GET,/petclinic/api/specialties/1,"{""id"":1,""name"":""Unknown""",0
291,POST,/petclinic/api/specialties/1,"{""id"":[]",0
292,POST,/petclinic/api/vets/1,"{""specialties"":[{""id"":[]}]",0
293,POST,/petclinic/api/vets,"{""firstName"":[],""firstName"":""fuzzstring"",""id"":0,""lastName"":""fuzzstring"",""specialties"":[{""id"":0,""name"":0}]",0
294,POST,/petclinic/api/visits,"{""date"":""yyyy/MM/dd"",""description"":""fuzzstring"",""id"":56,""pet"":{""fuzz"":false",0
295,POST,/petclinic/api/vets/1,"{""firstName"":""fuzzstring"",""id"":0,""lastName"":0,""specialties"":[{""id"":0,""name"":""fuzzstring""}]",0
296,GET,/petclinic/api/visits/1,"{""firstName"":""fuzzstring"",""id"":0,""lastName"":""fuzzstring"",""specialties"":[{""id"":0}]",0
297,POST,/petclinic/api/visits,"{""enabled"":true,""password"":""fuzzstring"",""roles"":[{""fuzz"":false}]",0
298,PUT,/petclinic/api/vets/1,"{""firstName"":0,""id"":0,""lastName"":[],""specialties"":[{""id"":0}]",0
299,PUT,/petclinic/api/pets/petid,"{""id"":6784,""name"":""fuzzstring""",0
300,DELETE,/petclinic/api/pets,"{""id"":56,""name"":""fuzzstring""",0
301,GET,/petclinic/api/vets,"{""specialties"":[{""fuzz"":false}}]",0
302,POST,/petclinic/api/vets/1,"{""firstName"":""fuzzstring"",""id"":0,""lastName"":[],""specialties"":[{""id"":0}]",0
303,PUT,/petclinic/api/vets/1,"{""firstName"":""fuzzstring"",""id"":0,""lastName"":0,""end"":""fuzzstring"",""specialties"":[{""id"":0,""name"":""fuzzstring""}]",0
304,POST,/petclinic/api/vets/1,"{""firstName"":""fuzzstring"",""id"":0,""lastName"":""fuzzstring"",""specialties"":[{""id"":0,""name"":false}]",0
305,POST,/petclinic/api/vets,"{""firstName"":""fuzzstring"",""id"":0,""lastName"":""fuzzstring"",""specialties"":{""fuzz"":false},""specialties"":[{""id"":0,""name"":{""fuzz"":false}}]",0
306,PUT,/petclinic/api/vets/1,"{""id"":0,""firstName"":{""fuzz"":false}",0
307,POST,/petclinic/api/pets,"{""id"":0,""name"":""fuzzstring2""",0
308,GET,/petclinic/api/specialties/1,"{""id"":6784,""name"":""fuzzstring""",0
309,POST,/petclinic/api/visits,"{""date"":""yyyy/MM/dd"",""description"":""fuzzstring"",""id"":1,""pet"":{""fuzz"":true",0
310,POST,/petclinic/api/vets/1,"{""lastName"":0",0
311,GET,/petclinic/api/specialties/1,"{""id"":false,""name"":[],""name"":""fuzzstring""",0
312,POST,/petclinic/health/1,"{""id"":false,""name"":[],""name"":""fuzzstring""",0
313,GET,/petclinic/api/vets,"{""firstName"":[],""id"":0,""lastName"":""fuzzstring"",""specialties"":[{""id"":0}]",0
314,POST,/petclinic/api/specialties/1,"{""id"":6784,""name"":""fuzzstring2""",0
315,POST,/petclinic/api/vets/1,"{""firstName"":""fuzzstring"",""id"":0,""lastName"":false,""specialties"":[{""id"":0}]",0
316,GET,/petclinic/api/vets,"{""specialties"":[{""id"":[]}]",0
317,POST,/petclinic/api/visits,"{""id"":{""fuzz"":false},""name"":""fuzzstring""",0
318,POST,/petclinic/health/1,"{""id"":0,""name"":0,""name"":[],""name"":""fuzzstring""",0
319,POST,/petclinic/api/visits,"{""vis"":[],""date"":[],""description"":""fuzzstring"",""vis"":{""fuzz"":false}",0
320,POST,/petclinic/api/vets,"{""firstName"":""fuzzstring"",""id"":0,""lastName"":[],""specialties"":[{""id"":""fuzzstring""}]",0
321,POST,/petclinic/api/specialties/1,"{""id"":0,""id"":0,""name"":[]",0
322,POST,/petclinic/api/visits,"{""date"":""yyyy/MM/dd"",""description"":""fuzzstring2"",""id"":1,""pet"":{""id"":1,""name"":""Unknown""}",0
323,PUT,/petclinic/api/vets/1,"{""specialties"":[{""fuzz"":false}}]",0
324,POST,/petclinic/api/visits,"{""name"":[]",0
325,POST,/petclinic/api/vets/1,"{""firstName"":[],""id"":0,""lastName"":""fuzzstring"",""specialties"":[{""id"":0}]",0
326,GET,/petclinic/api/visits/1,"{""firstName"":""fuzzstring"",""id"":0,""lastName"":""fuzzstring"",""specialties"":[{""fuzz"":false}],""name"":""fuzzstring""",0
327,GET,/petclinic/api/visits/1,"{""firstName"":[]",0
328,DELETE,/petclinic/api/vets/1,"{""id"":0,""name"":""fuzzstring""",0
329,PUT,/petclinic/api/vets/1,"{""id"":0,""firstName"":""fuzzstring"",""id"":0,""lastName"":""fuzzstring"",""specialties"":[{""name"":""fuzzstring""}]",0
330,GET,/petclinic/api/vets,"{""firstName"":""fuzzstring"",""id"":0,""lastName"":""fuzzstring"",""specialties"":[{""id"":0}]",0
331,GET,/petclinic/api/vets/1,"{""firstName"":""fuzzstring"",""id"":0,""lastName"":false,""specialties"":[{""id"":0,""name"":""fuzzstring""}]",0
332,POST,/petclinic/api/visits,"{""id"":56,""name"":""Unknown""",0
333,POST,/petclinic/api/visits,"{""date"":0,""date"":""fuzzstring"",""description"":""fuzzstring"",""vis"":{""fuzz"":false},""date"":""fuzzstring""",0
334,POST,/petclinic/api/vets/1,"{""firstName"":""fuzzstring"",""id"":0,""lastName"":0,""specialties"":[{""id"":0}]",0
335,GET,/petclinic/api/specialties/1,"{""id"":1,""name"":""test3""",0
336,POST,/petclinic/api/vets,"{""firstName"":{""fuzz"":false},""id"":0,""lastName"":""fuzzstring"",""specialties"":[{""id"":0,""name"":{""fuzz"":false}}]",0
337,POST,/petclinic/api/vets,"{""firstName"":0,""id"":0,""lastName"":""fuzzstring"",""specialties"":[{""id"":0,""name"":false}]",0
338,POST,/petclinic/api/vets/1,"{""firstName"":""fuzzstring"",""id"":0,""lastName"":[],""name"":""Unknown""",0
339,POST,/petclinic/api/vets,"{""enabled"":false,""password"":0,""roles"":[{""id"":0,""name"":false}],""username"":""0""",0
340,GET,/petclinic/api/specialties/1,"{""id"":0,""name"":[],""name"":""fuzzstring""",0
341,POST,/petclinic/api/visits,"{""date"":0}{""date"":""fuzzstring""",0
342,POST,/petclinic/api/visits,"{""id"":""fuzzstring"",""name"":0",0
343,POST,/petclinic/api/vets/1,"{""firstName"":""fuzzstring"",""id"":{""fuzz"":false},""lastName"":""fuzzstring"",""specialties"":[{""id"":0,""name"":""fuzzstring""}]",0
344,POST,/petclinic/api/vets,"{""enabled"":true,""password"":""fuzzstring2"",""username"":""Unknown""",0
345,POST,/petclinic/api/visits,"{""name"":0",0
346,POST,/petclinic/api/vets,"{""firstName"":""fuzzstring"",""firstName"":""fuzzstring"",""id"":0,""lastName"":0,""specialties"":[{""id"":0,""name"":false}]",0
347,GET,/petclinic/api/vets/1,"{""firstName"":""fuzzstring"",""id"":0,""lastName"":""fuzzstring"",""specialties"":[{""id"":0,""name"":false}]",0
348,POST,/petclinic/api/vets/1,"{""firstName"":""fuzzstring"",""id"":[],""lastName"":""fuzzstring"",""specialties"":[{""id"":0,""name"":[]}]",0
349,POST,/petclinic/api/users,"{""enabled"":false,""password"":{""fuzz"":false}",0
350,POST,/petclinic/api/specialties/1,"{""id"":false,""name"":[]",0
351,GET,/petclinic/api/vets,"{""lastName"":0",0
352,PUT,/petclinic/api/vets/1,"{""firstName"":""fuzzstring"",""id"":0,""lastName"":[],""specialties"":[{""id"":0,""name"":0}]",0
353,POST,/petclinic/api/visits,"{""date"":""yyyy/MM/dd"",""description"":""fuzzstring"",""id"":56,""pet"":{""fuzz"":true",0
354,POST,/petclinic/api/vets/1,"{""firstName"":[],""id"":0,""lastName"":""fuzzstring"",""specialties"":[{""id"":0,""name"":[]}]",0
355,POST,/petclinic/health/1,"{""id"":false,""name"":""fuzzstring""",0
356,DELETE,/petclinic/api/vets/1,"{""firstName"":""fuzzstring"",""id"":0,""lastName"":""fuzzstring"",""specialties"":[{""id"":0,""name"":""fuzzstring""}]",0
357,GET,/petclinic/api/vets/1,"{""firstName"":""fuzzstring"",""id"":0,""lastName"":0,""specialties"":[{""id"":0,""name"":""fuzzstring""}]",0
358,POST,/petclinic/api/specialties/1,"{""id"":0,""name"":""test3""",0
359,GET,/petclinic/api/specialties/1,"{""id"":0,""name"":false",0
360,POST,/petclinic/api/vets/1,"{""specialties"":0",0
361,PUT,/petclinic/api/pets/petid,"{""id"":0,""name"":""fuzzstring""",0
362,POST,/petclinic/api/users,"{""enabled"":false,""password"":""0"",""roles"":[{""id"":0,""name"":""ROLE_0""}],""username"":""0""",0
363,POST,/petclinic/api/visits,"{""id"":1,""name"":""Unknown""",0
364,DELETE,/petclinic/api/specialties/1,"{""id"":""fuzzstring""",0
365,POST,/petclinic/api/visits,"{""id"":56,""name"":""fuzzstring2""",0
366,PUT,/petclinic/api/vets/1,"{""firstName"":""fuzzstring"",""id"":0,""lastName"":false,""specialties"":[{""fuzz"":false}]",0
367,POST,/petclinic/api/visits,"{""enabled"":false,""password"":""fuzzstring"",""roles"":[{""id"":0,""name"":{""fuzz"":false}}],""username"":""fuzzstring""",0
368,POST,/petclinic/api/vets/1,"{""id"":0",0
369,DELETE,/petclinic/api/visits/1,"{""firstName"":""fuzzstring"",""id"":{""fuzz"":false},""lastName"":""fuzzstring"",""specialties"":[{""id"":0}]",0
370,POST,/petclinic/api/pets,"{""id"":56,""name"":""test3""",0
371,POST,/petclinic/api/vets/1,"{""firstName"":""fuzzstring"",""id"":0,""lastName"":""fuzzstring"",""specialties"":{""fuzz"":false}]",0
372,POST,/petclinic/api/vets/1,"{""firstName"":""fuzzstring"",""id"":0,""lastName"":""fuzzstring"",""specialties"":[[]]",0
373,POST,/petclinic/api/vets/1,"{""firstName"":0,""id"":0,""lastName"":""fuzzstring"",""specialties"":[{""id"":0}]",0
374,GET,/petclinic/api/vets,"{""specialties"":[""fuzzstring""]",0
375,PUT,/petclinic/api/vets/1,"{""firstName"":{""fuzz"":false},""id"":6784,""lastName"":""fuzzstring"",""specialties"":[{""id"":6784,""name"":""fuzzstring""}]",0
376,POST,/petclinic/api/visits,"{""roles"":[{""id"":0}],""username"":""ROLE_0""",0
377,GET,/petclinic/api/specialties/1,"{""id"":0,""name"":""Unknown""",0
378,GET,/petclinic/api/vets/1,"{""firstName"":""fuzzstring"",""id"":0,""lastName"":0,""specialties"":[{""id"":0,""name"":[]}]",0
379,POST,/petclinic/api/specialties,"{""id"":[],""name"":""fuzzstring""",0
380,POST,/petclinic/api/vets,"{""enabled"":0,""password"":""test2""",0
381,POST,/petclinic/api/vets/1,"{""firstName"":""fuzzstring"",""id"":0,""lastName"":""fuzzstring"",""specialties"":0",0
382,POST,/petclinic/api/vets/1,"{""id"":false,""name"":0",0
383,POST,/petclinic/api/vets/1,"{""specialties"":[0]",0
384,GET,/petclinic/api/vets/1,"{""firstName"":""fuzzstring"",""id"":0,""lastName"":{""fuzz"":false},""specialties"":[{""name"":""fuzzstring""}]",0
385,GET,/petclinic/api/vets/1,"{""specialties"":[{""name"":{""fuzz"":false}}]",0
386,POST,/petclinic/api/visits,"{""date"":[],""description"":""fuzzstring"",""id"":0,""pet"":{""fuzz"":false}",0
387,POST,/petclinic/api/visits,"{""id"":0,""name"":""fuzzstring2""",0
388,GET,/petclinic/api/specialties/1,"{""date"":""yyyy/MM/dd"",""description"":""fuzzstring"",""id"":1,""pet"":{""fuzz"":true",0
389,POST,/petclinic/api/specialties/1,"{""name"":[]",0
390,POST,/petclinic/api/visits,"{""roles"":[{""name"":{""fuzz"":false}}],""username"":""ROLE_0""",0
391,POST,/petclinic/api/users,"{""enabled"":false,""password"":""fuzzstring"",""roles"":[{""id"":0,""name"":""ROLE_0""}],""username"":""fuzzstring""",0
392,GET,/petclinic/api/vets/1,"{""specialties"":[{""id"":{""fuzz"":false}}]",0
393,GET,/petclinic/api/specialties/1,"{""id"":false",0
394,POST,/petclinic/api/vets,"{""enabled"":false,""password"":""false"",""roles"":[{""id"":0,""name"":[]}],""username"":""0""",0
395,POST,/petclinic/api/vets,"{""id"":0,""id"":0,""lastName"":{""fuzz"":false}",0
396,GET,/petclinic/api/specialties/1,"{""id"":56,""name"":""fuzzstring2""",0
397,POST,/petclinic/api/visits,"{""enabled"":{""fuzz"":false},""password"":""fuzzstring"",""roles"":[{""id"":0,""name"":""ROLE_0""}],""username"":""ROLE_0""",0
398,GET,/petclinic/api/visits/1,"{""specialties"":[0]",0
399,GET,/petclinic/api/visits/1,"{""id"":0",0
400,GET,/petclinic/api/specialties/1,"{""id"":0,""name"":{""fuzz"":false}",0
401,GET,/petclinic/api/visits/1,"{""specialties"":[{""id"":{""fuzz"":false}}]",0
402,GET,/petclinic/api/visits,"{""id"":""fuzzstring""",0
403,GET,/petclinic/api/visits/1,"{""firstName"":""fuzzstring"",""id"":0,""lastName"":0,""specialties"":0",0
404,POST,/petclinic/api/vets/1,"{""firstName"":""fuzzstring"",""id"":[],""lastName"":""fuzzstring"",""specialties"":[{""id"":0,""name"":""fuzzstring""}]",0
405,PUT,/petclinic/api/vets/1,"{""firstName"":{""fuzz"":false},""id"":0,""lastName"":""fuzzstring"",""specialties"":0",0
406,POST,/petclinic/api/vets/1,"{""firstName"":""fuzzstring"",""id"":0,""lastName"":""fuzzstring"",""specialties"":[{""id"":[],""name"":""fuzzstring""}]",0
407,PUT,/petclinic/api/vets/1,"{""firstName"":""fuzzstring"",""id"":6784,""lastName"":""fuzzstring"",""specialties"":[{""id"":6784,""name"":{""fuzz"":false}}]",0
408,PUT,/petclinic/api/vets/1,"{""firstName"":""fuzzstring"",""id"":0,""lastName"":0,""specialties"":[{""name"":0}]",0
409,POST,/petclinic/api/vets,"{""firstName"":[],""firstName"":""fuzzstring"",""id"":0,""lastName"":""fuzzstring"",""specialties"":0",0
410,GET,/petclinic/api/visits,"{""date"":""yyyy/MM/dd"",""description"":""fuzzstring2"",""id"":1,""pet"":{""fuzz"":false}",0
411,POST,/petclinic/api/vets/1,"{""firstName"":""fuzzstring"",""id"":0,""lastName"":""fuzzstring"",""specialties"":[{""id"":0,""name"":[]}]",0
412,POST,/petclinic/api/visits,"{""id"":0,""name"":""test3""",0
413,POST,/petclinic/health/1,"{""name"":0",0
414,POST,/petclinic/api/vets/1,"{""firstName"":""fuzzstring"",""id"":0,""lastName"":""fuzzstring"",""specialties"":[{""id"":{""fuzz"":false},""name"":""Unknown""}]",0
415,DELETE,/petclinic/api/visits/1,"{""specialties"":{""fuzz"":false}",0
416,PUT,/petclinic/api/vets/1,"{""firstName"":""fuzzstring"",""id"":0,""lastName"":0,""end"":""fuzzstring"",""specialties"":[{""id"":0,""name"":0}]",0
417,GET,/petclinic/api/specialties/1,"{""name"":false",0
418,DELETE,/petclinic/api/visits/1,"{""specialties"":[{""id"":{""fuzz"":false}}]",0
419,POST,/petclinic/api/vets,"{""firstName"":""fuzzstring"",""id"":{""fuzz"":false},""lastName"":""fuzzstring"",""specialties"":[{""name"":{""fuzz"":false}}]",0
420,GET,/petclinic/api/vets/1,"{""firstName"":""fuzzstring"",""id"":0,""lastName"":""fuzzstring""",0
421,POST,/petclinic/api/vets,"{""id"":0,""firstName"":""fuzzstring"",""id"":0,""lastName"":""fuzzstring"",""specialties"":[0]",0
422,PUT,/petclinic/api/pets/petid,"{""id"":56,""name"":""fuzzstring2""",0
423,GET,/petclinic/api/specialties/1,"{""id"":6784,""name"":""fuzzstring2""",0
424,GET,/petclinic/api/vets,"{""lastName"":false",0
425,POST,/petclinic/api/vets/1,"{""id"":false,""name"":[]",0
426,POST,/petclinic/api/vets,"{""firstName"":""fuzzstring"",""id"":0,""lastName"":0,""specialties"":{""fuzz"":false}",0
427,POST,/petclinic/api/vets/1,"{""firstName"":""fuzzstring"",""id"":0,""lastName"":""fuzzstring"",""specialties"":{""fuzz"":false}",0
428,POST,/petclinic/api/pets,"{""id"":0,""name"":""fuzzstring""",0
429,GET,/petclinic/api/vets/1,"{""firstName"":""fuzzstring"",""id"":0,""lastName"":""fuzzstring"",""specialties"":[{""id"":0,""name"":""fuzzstring""}]",0
430,POST,/petclinic/api/vets,"{""enabled"":false,""password"":0,""roles"":[{""id"":0,""name"":""ROLE_0""}],""username"":0",0
431,GET,/petclinic/api/vets,"{""firstName"":""fuzzstring"",""id"":{""fuzz"":false},""lastName"":""fuzzstring"",""specialties"":[{""id"":0}]",0
432,GET,/petclinic/api/visits/1,"{""lastName"":{""fuzz"":false}",0
433,POST,/petclinic/api/vets/1,"{""firstName"":[]",0
434,PUT,/petclinic/api/vets/1,"{""specialties"":[]",0
435,PUT,/petclinic/api/vets/1,"{""firstName"":""fuzzstring"",""id"":0,""lastName"":0,""specialties"":[{""id"":0,""name"":{""fuzz"":false}}]",0
436,POST,/petclinic/api/specialties/1,"{""id"":0,""name"":""fuzzstring2""",0
437,POST,/petclinic/api/vets,"{""enabled"":false,""password"":""fuzzstring2"",""username"":""fuzzstring2""",0
438,POST,/petclinic/api/vets/1,"{""id"":0,""name"":[]",0
439,POST,/petclinic/api/visits,"{""roles"":[{""id"":0}],""username"":]",0
440,POST,/petclinic/api/users,"{""enabled"":""fuzzstring"",""password"":""0"",""roles"":[{""id"":0,""name"":""ROLE_0""}],""username"":false",0
441,POST,/petclinic/api/vets,"{""id"":[],""firstName"":""fuzzstring"",""id"":0,""lastName"":{""fuzz"":false}",0
442,POST,/petclinic/api/visits,"{""date"":{""fuzz"":false},""date"":""fuzzstring"",""description"":""fuzzstring"",""vis"":{""fuzz"":false},""date"":""fuzzstring""",0
443,GET,/petclinic/api/specialties/1,"{""name"":0",0
444,GET,/petclinic/api/visits/1,"{""firstName"":""fuzzstring"",""id"":0,""lastName"":""fuzzstring"",""specialties"":[0]",0
445,DELETE,/petclinic/api/specialties/1,"{""id"":0,""name"":""fuzzstring""",0
446,GET,/petclinic/api/specialties/1,"{""name"":""fuzzstring"",""id"":0,""name"":false,""specialties"":[{""id"":0}]",0
447,POST,/petclinic/api/visits,"{""id"":6784,""name"":""fuzzstring2""",0
448,GET,/petclinic/api/visits/1,"{""firstName"":""fuzzstring"",""id"":0,""lastName"":""fuzzstring"",""specialties"":[{""id"":""fuzzstring""}]",0
449,PUT,/petclinic/api/pets/petid,"{""id"":6784,""name"":""fuzzstring2""",0
450,GET,/petclinic/api/vets,"{""firstName"":""fuzzstring"",""id"":0,""lastName"":false,""specialties"":[{""id"":0}]",0
451,POST,/petclinic/api/visits,"{""id"":0,""name"":{""fuzz"":false}",0
452,POST,/petclinic/api/vets,"{""firstName"":""fuzzstring"",""id"":0,""lastName"":0,""specialties"":[{""id"":0,""name"":0}]",0
453,DELETE,/petclinic/api/vets/1,"{""firstName"":""fuzzstring"",""id"":0,""lastName"":{""fuzz"":false}",0
454,PUT,/petclinic/api/pets/petid,"{""id"":6784,""name"":""test3""",0
455,GET,/petclinic/api/specialties/1,"{""id"":0,""name"":""fuzzstring2""",0
456,POST,/petclinic/api/vets,"{""firstName"":""fuzzstring"",""firstName"":""fuzzstring"",""id"":0,""lastName"":[],""specialties"":[{""id"":0,""name"":""fuzzstring""}]",0
457,GET,/petclinic/api/specialties/1,"{""firstName"":false,""id"":0,""lastName"":""fuzzstring"",""specialties"":[{""id"":0}]",0
458,GET,/petclinic/api/vets,"{""firstName"":""fuzzstring"",""id"":0,""lastName"":0,""specialties"":[{""id"":""fuzzstring""}]",0
459,POST,/petclinic/api/vets/1,"{""lastName"":false",0
460,POST,/petclinic/health/1,"{""id"":""fuzzstring"",""name"":""fuzzstring""",0
461,POST,/petclinic/api/visits,"{""date"":""yyyy/MM/dd"",""description"":""test3"",""id"":6784,""pet"":{""fuzz"":true}",0
462,POST,/petclinic/api/vets/1,"{""specialties"":[[]]",0
463,POST,/petclinic/api/visits,"{""date"":""yyyy/MM/dd"",""description"":""fuzzstring2"",""id"":56,""pet"":{""id"":56,""name"":""fuzzstring""}",0
464,GET,/petclinic/api/specialties/1,"{""id"":0,""name"":[]",0
465,GET,/petclinic/api/specialties/1,"{""id"":0,""name"":""fuzzstring""",0
466,PUT,/petclinic/api/vets/1,"{""firstName"":[],""id"":0,""lastName"":""fuzzstring"",""specialties"":[{""name"":[]}]",0
467,GET,/petclinic/api/specialties/1,"{""id"":0,""name"":0",0
468,GET,/petclinic/api/vets,"{""firstName"":""fuzzstring"",""id"":[],""lastName"":""fuzzstring"",""specialties"":[{""id"":0}]",0
469,GET,/petclinic/api/visits/1,"{""firstName"":""fuzzstring"",""id"":0,""lastName"":0,""specialties"":[{""id"":0}]",0
470,POST,/petclinic/api/specialties/1,"{""id"":{""fuzz"":false}",0
471,POST,/petclinic/health/1,"{""id"":0,""name"":[],""name"":""fuzzstring""",0
472,POST,/petclinic/api/visits,"{""roles"":[{""id"":[]}],""username"":""ROLE_0""",0
473,PUT,/petclinic/api/vets/1,"{""firstName"":0,""id"":0,""lastName"":0,""specialties"":[{""id"":0,""name"":""fuzzstring""}]",0
474,GET,/petclinic/api/specialties/1,"{""fuzz"":false",0
475,GET,/petclinic/api/vets,"{""firstName"":0,""id"":0,""lastName"":""fuzzstring"",""specialties"":[{""id"":0}]",0
476,POST,/petclinic/api/vets,"{""firstName"":false,""id"":0,""lastName"":[],""specialties"":[{""id"":0}]",0
477,POST,/petclinic/api/vets/1,"{""firstName"":{""fuzz"":false}",0
478,POST,/petclinic/api/visits,"{""id"":56,""name"":""test3""",0
479,POST,/petclinic/api/users,"{""roles"":[{""name"":""ROLE_0""}],""username"":false",0
480,POST,/petclinic/api/specialties/1,"{""id"":0,""name"":""Unknown""",0
481,GET,/petclinic/api/specialties/1,"{""id"":{""fuzz"":false},""name"":""fuzzstring""",0
482,POST,/petclinic/api/visits,"{""roles"":[{""id"":0}],""username"":false",0
483,GET,/petclinic/api/specialties/1,"{""id"":0,""name"":""fuzzstring""",0
484,POST,/petclinic/api/vets,"{""id"":0,""firstName"":""fuzzstring"",""id"":0,""lastName"":""fuzzstring"",""specialties"":[{""name"":{""fuzz"":false}}]",0
485,PUT,/petclinic/api/vets/1,"{""firstName"":[],""id"":0,""lastName"":[],""specialties"":[{""id"":0}]",0
486,PUT,/petclinic/api/vets/1,"{""firstName"":[],""id"":0,""lastName"":""fuzzstring"",""specialties"":[{""id"":0,""name"":[]}]",0
487,GET,/petclinic/api/vets,"{""firstName"":""fuzzstring"",""id"":0,""lastName"":""fuzzstring"",""specialties"":[{""fuzz"":false}]",0
488,PUT,/petclinic/api/vets/1,"{""firstName"":""fuzzstring"",""id"":{""fuzz"":false},""lastName"":0,""specialties"":[{""id"":0,""name"":""fuzzstring""}]",0
489,POST,/petclinic/api/visits,"{""roles"":false",0
490,GET,/petclinic/api/vets/1,"{""specialties"":{""fuzz"":false}]",0
491,POST,/petclinic/api/visits,"{""id"":6784,""name"":""fuzzstring""",0
492,POST,/petclinic/health/1,"{""id"":0,""name"":false",0
493,GET,/petclinic/api/vets,"{""specialties"":[[]]",0
494,POST,/petclinic/api/vets,"{""enabled"":false,""password"":""false"",""roles"":[{""id"":0,""name"":""ROLE_0""}],""username"":""0""",0
495,HEAD,/petclinic/api/visits,"{""date"":""yyyy/MM/dd"",""description"":""fuzzstring"",""id"":1,""pet"":{""id"":1,""name"":""Unknown""}",0
496,POST,/petclinic/health/1,"{""id"":0,""name"":0,""name"":""fuzzstring""",0
497,GET,/petclinic/api/specialties/1,"{""id"":56,""name"":""Unknown""",0
498,POST,/petclinic/api/vets/1,"{""name"":0",0
499,GET,/petclinic/api/vets/1,"{""firstName"":[],""id"":0,""lastName"":""fuzzstring"",""specialties"":[{""id"":0,""name"":[]}]",0
500,PUT,/petclinic/api/vets/1,"{""firstName"":0,""id"":0,""lastName"":""fuzzstring"",""specialties"":[{""id"":0,""name"":0}]",0
501,POST,/petclinic/api/vets,"{""firstName"":""fuzzstring"",""id"":0,""lastName"":""fuzzstring"",""specialties"":0,""lastName"":""fuzzstring"",""specialties"":[{""id"":0,""name"":0}]",0
502,POST,/petclinic/api/visits,"{""date"":""yyyy/MM/dd"",""description"":""fuzzstring"",""id"":1,""pet"":{""fuzz"":true",0
503,POST,/petclinic/api/vets/1,"{""firstName"":false,""id"":0,""lastName"":[],""specialties"":[{""id"":0}]",0
504,POST,/petclinic/api/vets,"{""enabled"":false,""password"":0,""roles"":[{""id"":0,""name"":""ROLE_0""}],""username"":""0""",0
505,POST,/petclinic/api/vets,"{""specialties"":[{""fuzz"":false}",0
506,POST,/petclinic/api/specialties/1,"{""id"":false,""name"":""fuzzstring""",0
507,POST,/petclinic/api/vets,"{""firstName"":false,""id"":0,""lastName"":""fuzzstring"",""specialties"":[{""id"":0,""name"":0}]",0
508,POST,/petclinic/api/vets/1,"{""id"":0,""name"":false",0
509,GET,/petclinic/api/vets,"{""specialties"":[{""id"":{""fuzz"":false}}]",0
510,PUT,/petclinic/api/vets/1,"{""id"":[],""lastName"":""fuzzstring"",""specialties"":[{""id"":0,""name"":""fuzzstring""}]",0
511,GET,/petclinic/api/vets/1,"{""firstName"":""fuzzstring"",""id"":{""fuzz"":false},""lastName"":""fuzzstring""",0
512,GET,/petclinic/api/vets/1,"{""lastName"":[]",0
513,GET,/petclinic/api/vets/1,"{""firstName"":""fuzzstring"",""id"":0,""lastName"":0,""specialties"":[{""id"":[],""name"":""fuzzstring""}]",0